{"schemaVersion":"1.0","appDefinitionTemplate":{"id":"/providers/Microsoft.PowerApps/apps/","type":"Microsoft.PowerApps/apps","tags":{"primaryDeviceWidth":"1366","primaryDeviceHeight":"768","supportsPortrait":"true","supportsLandscape":"true","primaryFormFactor":"Tablet","publisherVersion":"3.23015.14","minimumRequiredApiVersion":"2.2.0","hasComponent":"false","hasUnlockedComponent":"false","isUnifiedRootApp":"false","sienaVersion":"20230215T202934Z-3.23015.14.0"},"properties":{"appVersion":"2023-02-15T20:29:34Z","lifeCycleId":"Published","createdByClientVersion":{"major":3,"minor":23015,"build":14,"revision":0,"majorRevision":0,"minorRevision":0},"minClientVersion":{"major":3,"minor":23015,"build":14,"revision":0,"majorRevision":0,"minorRevision":0},"backgroundColor":"rgba(29, 49, 64, 1)","backgroundImageUri":"/3076195223750185260/N523933fa-5543-44e0-a3ee-a91c921ead04-logoSmallFile","displayName":"Forensic Nursing Unit","description":"","commitMessage":"","appUris":{"documentUri":{"value":"/3076195223750185260/N79d21a20-278f-48f8-b065-f323a3e4a792-document.msapp"},"imageUris":[],"additionalUris":[]},"createdTime":"0001-01-01T00:00:00Z","lastModifiedTime":"0001-01-01T00:00:00Z","sharedGroupsCount":0,"sharedUsersCount":0,"connectionReferences":{"7099e1f1-e73a-4979-89e8-99caa3eb4eec":{"id":"cc055472-73fe-4ce1-ac4f-0f57d11829b1","displayName":"SharePoint","iconUri":"https://connectoricons-prod.azureedge.net/u/juanq/gateway/greyhound/3000.150.11/1.0.1613.3116/sharepointonline/icon.png","dataSources":["FNE STATS"],"dependencies":[],"dependents":[],"parameterHints":{},"parameterHintsV2":{},"isOnPremiseConnection":false,"bypassConsent":false,"dataSets":{"https://upmchs.sharepoint.com/sites/SafeUnitStaff":{"dataSources":{"FNE STATS":{"tableName":"80013579-d77c-408c-82fa-34605cfa6489"}}}},"apiTier":"Standard","isCustomApiConnection":false,"actions":["providers/PowerPlatform.Governance/Operations/Read","providers/PowerPlatform.Governance/Operations/Write"]}},"databaseReferences":{},"almMode":"Environment","performanceOptimizationEnabled":true,"canConsumeAppPass":true,"enableModernRuntimeMode":false,"executionRestrictions":{"isTeamsOnly":false,"dataLossPreventionEvaluationResult":{"status":"Compliant","lastEvaluationDate":"2022-12-12T22:04:20.5636279Z","violations":[],"violationsByPolicy":[],"violationErrorMessage":"The app uses the following connectors: shared_sharepointonline."}}},"appType":"ClassicCanvasApp","appComponents":[]}}